,name,price,product_url,image
0,"<p style=""background: rgb(242, 242, 242); line-height: 12px; display: inline-block; padding: 0px 4px; font-size: 9px; margin: 0px 4px 0px 0px; position: relative; top: -1px; border-radius: 2px;"">Ad</p><h3>Nệm Foam Goodnight Massage Nhật Bản êm ái, thoáng mát, mềm mại, nâng đỡ cơ thể tối ưu</h3>",2.447.000 ₫,https://tka.tiki.vn/pixel/pixel?CLICK=&data=djAwMbNaHXIXD12YG4atPq0JWnXA8Js-_IEQoybMbtH2H5uM_rpj-9JLXeZ-wG6yNHN5Rv9H6jbIGkXlQH2kNsDX5FG8tVOr3cVV1YPEh_V1Zu4_WtNIWuEqaMveFY6JPltum1e-a9BYggzl40BT9TgbW_e19ZItOjG3mH8KjMiOHGsSDModothyznsuwKzA7vW7WZP9F7vTQhTJF7AGzXkNoIpsDVJgvP9bJruuFGuUoeAD6S5E1VoXy5zvT1dCPTN8JVaHCSyh_dhxvdlFk_Stb-9oyvKCO0h0rWbGtDNSMB-61MKyurfb2aACXgaCE_a2UQPBZ3YKXRKxDcJS9gv9sAGRkpIODIpVYxQrhm28cggsDrW8uuiQrrrdxVc0fh5E4EHIEt9KEH-MjUZnpLJITiwc-XebPCxm1aQogNEciOOyIeFRyhw-1Cd52EziU6-Rwn3VUsT-lwWKHbdYXNgqh2B-PSuifSKxuldZa_Srf_HGhVJ1K_VmzNlQhA61C7xlHLQkAgDKWXsIKOYVD8Je_B6-dacQuS8m2CS9WtCrE4pE_GdNFtF1RmcJokJ5EBjyhCd-bud0wWXTUw8bRYqWdPWoK92UihRYG8koMtjIESx6dwqaXMF6_LYFskSsw9SNteu2Ygdza_ESkWsFh-HFlz56w2ZEbaUz9-xnhM8VmiEt3ar3kQkVPuWuJ4XuwHB7I2uZb7ype8Qwm8p-a_Yw902bRao87CWYlPRhoLgl2JMn4yBvQXDvePRMC9CfMSSTR7UWJZz7tb-kk5hcIa5XOf4lOBipVNBu4-fveSWwNKp-sZ4dPUyHxcwb4BImL3Y4xO3R7cqdT90QA_dqEq-5YM4R0OCHT6PWRz8zv_trrqyZe05dYD0kdTVi5q_o3Z4bDGJinku4mDVsZKM5HXnWQNnMTeLKPJ2tVsZ2kbnamq9O4qfVwvLeptps_hScgHvYWM3-exYHtfo2mbkFSwMXgv7iGV60C9hHbu7BKDpqRsdwyLH2OLUqfrPQjHIdYK_7i07DQzoNHHMfGwDnmFQEfsZvj8lobUhigJx9CMDEykw9-LW1YlfqVJ9y8zq-Cstj46k5XlkR5nXtMM84XzCVtnxpcdC7nVpvWpsLOfJPmUuftDJVSNxQT6Qkuf3EPdF63Pxjkkgq1b3xYQ0AEte0AK4-7MjCZQq127GZNFet7Ml6UUTDAYrFtd3GGNSVc3uD1HJWS9fWCXz4DrZqjHph1ciueZt4hpYeRtjgY43e7XheoQWm2CzX_YHiYFGHT6WbplM4WOzoFmJz0M281kw03UJx-veDVXiJCU9aBjExLczDUpHJrvJcLx0BClUQDdcZ8seW86BlptgSw9UGrqCBSsTtNqNpET7o5F_-XBN9WD_t9uh7yCvuNVHwLNH9NgYHG5vok_NnBtfyp5ISdfTNTxpc7G_gmrPECVV5&pos=1&reqid=uhdUhP9uXo,
1,"<p style=""background: rgb(242, 242, 242); line-height: 12px; display: inline-block; padding: 0px 4px; font-size: 9px; margin: 0px 4px 0px 0px; position: relative; top: -1px; border-radius: 2px;"">Ad</p><h3>Kem chống nắng Neutrogena U.S Dry Touch SPF 50 88ml</h3>",294.000 ₫,https://tka.tiki.vn/pixel/pixel?CLICK=&data=djAwMd0WQz4FdEedeLUrFMNf4n63roj1PKClgnEQrg4uT4uFkF8GT3UW2DF40ebTnCUklZvvDs2iSQ3OU6MwPA7Um2ErdH-bpUTmlB-0bv1vSPG6TE5wuiG4oJfLcqphyttkCKdZHUvbPDFBXSIgJwYg5ANzTv-Ak9FEigwD7ASwu7gPfxx3m-07_-_fyUcq-nfU-3iMlByFmSPPa2Z3o4u4C4UQA60hYOJ2nUEbpREkkIy0FEZtFdogRY4mEVYNs7lh7xGf8iWsCeea9VtrN25M-SaODKM9W48Ti7N-tIx2RAj9meY2f-ZHlKQvBoqvyBhP9pRhYbB9DAt1--EXH2bkl2E0JQeZ6un2OwUZHOjaIvI35-jwRwJmNhpEgg3xEzUcxq3AGj5yUHjBSyDdMAIkUyZJge24SQ4Dfb1v2S2XqBccfihTDgpj6ZzjSlmhOpowTWps08p9J8zEqPhBWIppjs51cgAhuZrW3k72QY2qXRkz0RickDvrQVSfEFJ2nEIe7OAZGSEr1ecvLRoTQNEBxK3aTu43YFDk1AXqoJ8XQtd6ntCVMA86OAm9Jhi_wHV8mVl33LVlbBhQt_OBN7kYmTr53b9ZLutM1KiqBFBkvEnwDGkDlEhLgs5h57RoEDx1fNG4ENeXK4Vxyjb-BzWRhmt8JntNwSU9krp9ys8Uh4oyBayo3yNRBF5QFiqIA1dNr08lAmHRLXSqABWSdXCnMti4FxxaeIAL8wL2GOOUBexNevd7aWfOxIEy8VNL-sSaHPtjUn0jcqXJMDQaxY9DJ5QaPNaWt3q4cCNxVP9OyiY7VHNJOo7hEJ4uIZ-CjOXwCzRMayWrsdg2LcnWQTrxUcToozaQGWRrd9_BjpZL2E79Zcfca2_J9eRa2iWpAfsILWUYb_cx3VJ-7QjniqR6XmTaQDR2beK5K9hpleUobBLfWMNVvXKXQkyAp1CKCzt3DUTRkOIW-2mpmdCg2o4v59-HuKq2gKomnNzCBQj9Htdz-JvVxuq-X42xxerbBWnDbzTnHZCskFlJd2FscjCnVsATy3-ITVwfVSrhCmhSE8gumOJZU4kzNNEIKMn6JCAlQOYgXQd_AdgSrVEU3wYDB9eOTCvme1ESX3zV7IHUjTPq4WXppF4cHs91bGtigH1N8xdPUTTvyjvn8iUqA-eErOLDDHJ6UfKP0ZIfvED-y23HDv7w-9JaNcbwmjaKHlZ16PtHE3z18urjqYZyZ4EW6_OwJsaOdbvCjT9t1Pcc0P8dsR7k6UTBcaDfC_MXOsjjdEc29jzmGdbH1CiUyvt78sTzOnDQiEHiyh3Zn1dCSlbA-16NiEGY2woQUJsTYJ3ZXRFkgWlKhYgad8j8xmQcykwJx7kiKhBJXPLJu81jPl3R6m0Gg02fIe_zrGKEv0Uc_PuK&pos=2&reqid=uhdUhP9uXo,
2,"<p style=""background: rgb(242, 242, 242); line-height: 12px; display: inline-block; padding: 0px 4px; font-size: 9px; margin: 0px 4px 0px 0px; position: relative; top: -1px; border-radius: 2px;"">Ad</p><h3>Nồi Chiên Không Dầu OLIVO AF15 - 16 Chức Năng - Dung Tích 15L - Công Suất 2000W - Thương Hiệu Mỹ - Hàng Chính Hãng - BH 24 Tháng</h3>",4.190.000 ₫,https://tka.tiki.vn/pixel/pixel?CLICK=&data=djAwMT3BonYMtZ37ipR6BfZVFnR5ZMrkRyvI3mM0MG114QpyrzmCKGpma4U1dzohxOVKQV6OlcIlFSsV7ke1BDGcUSu_pdbXbF9A-tEb5S1QMQJ4scCVgQCmPn8DsDxR-Ycbwm0yxljQNlfE1kvz9yBKeKOlUemOZvzFxWLXb4ZXWowbc1PqJ_wUo_IpOlZT3eqJwyktGHkEpTtx30ektGCo969MgFJG3_9daYZkCLamtzXJkEkNZJ9p5_LCMTlPVG_D1yE6TmlPj65gBN1jKJcGM4Srl_WFj7rH0bZz9eks5p_OgtPD8CBxwkenE8I0JqAgyFeGaU0zKNva5QImbZNnjlpeo1Ch5gaHNpwfYKakNT3H99cIUpCb9trcM1_B7pLTBD_1P901Ms2bAbtMhHbLMkQY5qHsfsy5ezVTudicZCl-5aD4E9cHuJPEqIRwe94IR1SZmKom3NPKgihP3-dvVxHhwttOnUZF_2AyDRe_HodF6FnM9_U2gfDCZKEXBvdEIXK4urVvAGsUhAVhBIxxHPCYQYiETM2y5ewtMmZfnyW6NMFdxzFOVcyGE9ugDs44qLBXhGd9RBcd8L9bNxuLN2WUKlK6oyiyaJHYpkO5Mz-sns39_iWsCNrPIZac2DfwGG18da10yPfF9VbHHkhWg_QylzyRDLjCSojpd9orgQcygpKr_tMfqrStkOGlMBdjWbhxwLVSOLbysSlWAid23w3Oe803xIexUXsDePMfY4osVrWx_BzUvlpGor4JD9n6_UhlkIKqc-to36MJ6qdA3QBqmcneq8IVDus_JhgLox5FF1bpaCkDEOREo4bmGm17NX5i6YDzGccex-CGotI3NWFg37M0IsmyV9WVYp5SxWTXpJ9lFVJYBndXUl8Au3fZgDFsXzifp6H5Sj8KZipssrAcgN-iZ_P09f5CyXi6HIVyxDy9m9mIDE6QVu7q2Roix70GNsO-TVfMSR6FfhVS9q7OmPL-oTJVjqDamddqEmp4Q7e_qOlGRiKtwM1P4Ni4OB1-UOIUwdeQFaJYVf0PZwpK44EE5HorXAvWnPdA-SMXWOxKxl68CMl58zhEGn1mjqrqg0JpI57Dc2OSlD5IIwkfKwmMcgQhc32J86CZ_U_O3yVYdaO0m7517RDpNaKDmCeAi3VUZYuh43RbFTjxmHew4ABCKcj67JedN_muh6KAf2gznmWu1P4BXGjp8XLrIvmgA_AEJoY7_Wl5O7KKbK0fZNSz5ayFdWSCSgdem43WXOAkxhsiEJwekSj1hSb0nPlAEMKD07nQNeD_pq7b30lQ439YajameW51hR7EJNx_m2vomSLUD-Dicb9ZDw8MpIaGV6RUYmFN6cG_3lxvJeaVJGKdz4DHxPRKoVeu6sqguU1T9tL2q6DFkJabr_KV3qIaekrefKiDEMnl3l0qm80-t1ZOjtQFEuHhOMp-NxKAcjBKGjty_A&pos=3&reqid=uhdUhP9uXo,
3,"<p style=""background: rgb(242, 242, 242); line-height: 12px; display: inline-block; padding: 0px 4px; font-size: 9px; margin: 0px 4px 0px 0px; position: relative; top: -1px; border-radius: 2px;"">Ad</p><h3>Kệ Chén Bát Nhà Bếp Đa Năng Deli - Chống Xước Sơn Đen Tĩnh Điện Giá Úp Bát Trên Bồn Rửa Ráo Nước - Kèm Các Phụ Kiện Treo Ống đũa, Dao Kéo, Có Thể Kéo Dãn Thông Minh Tuỳ Loại - Nhiều Kích Cỡ - VS700</h3>",549.000 ₫,https://tka.tiki.vn/pixel/pixel?CLICK=&data=djAwMS9Jm30DfBvPZMhqavtx3DW9Xftc4PUzvLR_pcHmjl6g2niC6KXIwfO1SvO74jST6ahkq6xvXX-7JpnvSTXmmREEPIhxK9hDoXDrD8mQde_vSXiSKK5McecLz0AJS5iWPrf8c-aL7QZw94-IiEFJRcJ5AYOsv8q7WZ4Cgf0HPowklv3qPB4krHJIhcbNiWZhoDfUxULOnIJJqpEZ5zNJ0ZhuUrWQxDJosxgPZjTJBXf0e66eSB4ouuBDwreUUIv15QePSajUx0Ij-vmL1gvJfi9dp6KiQgClBqpMfR3bJ0Jt25J2o2hFCqu72VP6HeYAaW5Y_Z6tlo0629R49hxa7PKtBi28URgjhbLVt0MWNIJAt7ARPQlxwek7uKTc3V-z3bCUw16ASGyFfXg3KbGQw2_5enJo6ZAidX6LoA558hQH12vGiiZLBqD2iIFEfmBa1TrNQqhIfiWWlG5Og_LZJ80LKUlgUU5M65G1Hd-HcPryQShE3PZCBTFgWHazA7ZlPrifvnrE46T4OCXjhLhCOxtcPDYte2D2sTcAaxnFXsVpj7TEAUINBUXQ8RBSgTe8Lum2O7WZ57SmedqqGRjBXSzXbmzguJUTJNlLy46JZfnQYWtP7RXbeLYFCq94C_9nh3UIDJWYS2IPrB6cBL5gNfOpnmapcnjudKWPUEFkn7jtrstNejCYmxYA-RfIxCcLWkNVFe5LxVVKa0c--7xZF1VEdAY3KiZ88cziv38J5cBAQbQLp6CxDZlmHzDJfjPZihoFf4dnwWTkobDWhKRYdPwM1GuPssKDXoMc2nYY44L0XXbar2lmrrd4o3qXmEH_zoXYtsjQh2hG3-Odj4ce1I12pxgvRFp_i5aOGibHT-6rdtLOHC-A81QbPvuEX_uZCljaYXZYvZ2HRoY1QC3XWLaRlWwVEHO1TLXSNF--Y9O1Tq7ubYnK-7kuDg8fsXYjEw7hq1RDWPjNDRedOXdG4KenkGy6g7k5NkW1SqsalTV23K0IO-UAN5s6-xtn4WNA1-HlIg_WeHGJFPPWJANJt4pLtV65zpGe02lrOPjStx0B4dPBCMdMwE3wEFJfvgmBJDENphf9AUsWVC4BQKY25Um-vPjozijQgzJ0yWPsq6PggoNkH7NEzw7RiwBQJqDB6iYImGfBUVZkxqx5xMBwld-DAO1znAramZ2rXVAzBECGlm05D3Y5Ari5DkJmS6EA6BjY7Wk4SNZxgFR4798ITclQCkrfrShVRbiRmLfHrE0ZNIl0thym3bOGMn9G3bVaB9NTjXxBXuFknKTU8gbu0u2gwVmkzB5kXqtB2lnrF9qsOxar1Ea11XWWn6pGM-elm8bY8JjZdASav6Nc-HSgnuSk8br_8tQoUZJhRs7sGk1K1yxkdlV5irVDxOVqBkuE2UOyc4oBdnP1VVuR_s_hbC1f1AbzLkr7Pt1ttUxjp1-vOO31lkBNTMUEvkO1SlEU7KAbWlyHzn0w3RYXn7-aIJNl2kWSePj72k6r96PhW7f4j1xeq-o1HKQ2s8sZfZpVqMSW7lI73kbm3sEVpyE&pos=4&reqid=uhdUhP9uXo,
4,"<p style=""background: rgb(242, 242, 242); line-height: 12px; display: inline-block; padding: 0px 4px; font-size: 9px; margin: 0px 4px 0px 0px; position: relative; top: -1px; border-radius: 2px;"">Ad</p><h3>Kem Chống Nắng Không Màu Kiểm Soát Dầu La Roche-Posay Anthelios XL Dry Touch Gel-Cream SPF 50+ UVB &amp; UVA (50ml)</h3>",489.000 ₫,https://tka.tiki.vn/pixel/pixel?CLICK=&data=djAwMcpbdMzTTGGJeaA9dHY3VjklC3grOGMitQkKc820XAGeUld4HSa4TLucMh0lm-3Sc2Y1C8euPciUMfej6HwK8ME2MosJwNJurv1u6K2onDzTYNkdCaIs1uwgjNMskMYxlnwSrjdpfawYfcZB2qEMRZeePBE729AVch0G1JuOdnGgaXKmvhlJYHCk5vLzrDUQwtJx3xQKLNekTKBWq9k8j1fPeToPohaQVOpE0HM1BwadgpYji6h1l9bUaR33LRzTmLDmBDmgXxEhV7d0ZFkPTEolTVXzuENGy3070M1V6ufA5BHnhDVe3zDY6MHxAOpwyMPR7Z6QkpCBxOaKV_VRX7W3TdE7Sx0dBcO4l38d30DMeXT_09OtS8su5KhujT-TzPMAJCuIF-sqlK6udIATYG384ocrmZVJOSNriZ5WRnONhp16znRmpeNg6E4THlhkBWzDlWs0UXoJcGFrU8CQTFu3eIWfWFp7JdKxrwrW9TdpO_nOc1ZbKesPnJvNrNIO2tXhPycRwlF--HBpfjziHoDxtBJp9rpn1XgfQhesMp461CK2CddFV2Tagg2OV6YUlxRc_kbuoUUvQoj04rADm2xvCsROKONFGBtZ217rqBOB4MK_VezJv8qaXTMsQrf-d1w3vJOhgxN5WTEed6nEe3bo2ljcexGlIYLWLefV32h4KLRUI4lMoCyS3OeXsOWEac2E_dbtgvvzUIl2yphg1xmTgf6d5AJ5Cf4pns3OzutiM97s7mSAsndegqEOMlZ268-6L5RIp1NEtT_azMqSp74UYpiE4LjdCzCTjOwlXbXqGw_eRt71Bs-SebWy1svu8jvTUFYv-yMicLII7uH7GSCrqzbLWrUtW83he7TABNpsyn2CbkizDqSPkb9lJLJcBn27g5Co_EcBO_3Jp8gCQhdAzQ-TmL3psKObKFhetfPcmxubE8rXpM0kqSSfOMsfCf9BQKiePGhSPRixGgyBK05YNhvdAKjanHg8ygMxyhlseknDyfTy9V3_il-U1H4XuOQm_RRZDKRsA_S2Dr8qq6ZxPqn6-lL-9O5nCZlzZU5MZWfjqw225Oki3JFZ1drGBaeQPnirIFNyt13q1Lk3OS74Is0u_Z8SJb26LLYYbnlxPMgcbDgqus2vZTj6B7RZtBPMFCdfhUCQBNVg_kYrHV7XSL0RDZRGMoc0SDouuAKOR5E0B3HU_aGgparNOjeJPbFcYDJkqMtf2Wo8F-pee7HxAWf3dvHeBOy0xQ9Zxd4BmIo3lna274gH5DBWEwvRwWffCTLIW2FJkvBj47504EjZJh50swn2zvANybZnOhtGReVY1Sh37Tsc010tbJ2ihdhJlo6GWtVON_ZoEFj1Nipe4ypCDs5foxJZKi_3ChJl4aDi_UM3QEBFOsB2KVIxqnTNV4Q4Q3cqam9_fUPifrANudkfQFY-ofZzQiLY66bdqbqAHcra1mySXi4PcE9FE6UK&pos=6&reqid=uhdUhP9uXo,
5,<h3>Apple iPhone 11</h3>,10.850.000 ₫,https://tiki.vn/apple-iphone-11-p184036446.html?itm_campaign=tiki-reco_UNK_DT_UNK_UNK_infinite-scroll_infinite-scroll_personalize-for-you-v1_202209010600_MD_batched_PID.32033727&itm_medium=CPC&itm_source=tiki-reco&spid=32033727,
6,<h3>Apple iPhone 13 Pro Max</h3>,26.990.000 ₫,https://tiki.vn/apple-iphone-13-pro-max-hang-chinh-hang-p184061913.html?itm_campaign=tiki-reco_UNK_DT_UNK_UNK_infinite-scroll_infinite-scroll_personalize-for-you-v1_202209010600_MD_batched_PID.123554551&itm_medium=CPC&itm_source=tiki-reco&spid=123554551,
7,<h3>Apple iPhone 13</h3>,18.990.000 ₫,https://tiki.vn/apple-iphone-13-hang-chinh-hang-p184059211.html?itm_campaign=tiki-reco_UNK_DT_UNK_UNK_infinite-scroll_infinite-scroll_personalize-for-you-v1_202209010600_MD_batched_PID.123547403&itm_medium=CPC&itm_source=tiki-reco&spid=123547403,
8,<h3>Apple iPhone 12</h3>,15.200.000 ₫,https://tiki.vn/apple-iphone-12-hang-chinh-hang-p123345348.html?itm_campaign=tiki-reco_UNK_DT_UNK_UNK_infinite-scroll_infinite-scroll_personalize-for-you-v1_202209010600_MD_batched_PID.70766421&itm_medium=CPC&itm_source=tiki-reco&spid=70766421,
9,<h3>Cây Cam Ngọt Của Tôi</h3>,70.200 ₫,https://tiki.vn/cay-cam-ngot-cua-toi-p74021317.html?itm_campaign=tiki-reco_UNK_DT_UNK_UNK_infinite-scroll_infinite-scroll_personalize-for-you-v1_202209010600_MD_batched_PID.74677933&itm_medium=CPC&itm_source=tiki-reco&spid=74677933,
10,"<h3>Ghế Xoay Văn Phòng Làm Việc Công Thái Học Deli - Tay Gập Thông Minh, Có Ngả Lưng, Lưới Thoáng Khí, Chân Xoay Tiện Ích, Đệm Ghế Êm Aí - Phù Hợp Học Sinh, Văn Phòng, Game Thủ, Gaming - Hàng Chính Hãng - E4928 / E4929 / E4925 / E4926G</h3>",629.100 ₫,https://tiki.vn/ghe-xoay-van-phong-lam-viec-cong-thai-hoc-deli-tay-gap-thong-minh-co-nga-lung-luoi-thoang-khi-chan-xoay-tien-ich-dem-ghe-em-ai-phu-hop-hoc-sinh-van-phong-game-thu-gaming-hang-chinh-hang-e4928-e4929-e4925-e4926g-p173211404.html?itm_campaign=tiki-reco_UNK_DT_UNK_UNK_infinite-scroll_infinite-scroll_personalize-for-you-v1_202209010600_MD_batched_PID.173211406&itm_medium=CPC&itm_source=tiki-reco&spid=173211406,
11,"<p style=""background: rgb(242, 242, 242); line-height: 12px; display: inline-block; padding: 0px 4px; font-size: 9px; margin: 0px 4px 0px 0px; position: relative; top: -1px; border-radius: 2px;"">Ad</p><h3>Thùng giữ nhiệt đa năng 9L - Thùng đựng đá, Thùng đá nhỏ gọn</h3>",200.000 ₫,https://tka.tiki.vn/pixel/pixel?CLICK=&data=djAwMRZrn0ggbmtSeDKa38d-jAsCbDQIVoVcIP9u6fFrQQzHazVrR1Dd9stp5hPRmh4gfDTNRaP88jRvrg62R7Hp8wl3O8d6k99gqOFHArUckAkbAYYLfGrkbF8jctBKiiMAYsexRZxZmIIryZUQ6_ZmVMQXP_Cy8Z03D4jpWOqaY-KG8ujT1DRZxP4SBsHqSVll9G5P15u9O5epBIRo34nErvdWt_xnQP9dgJrbqJ6mIVJz_gzDueaVwDTx9h6uEoiII-TmxC-GE8c6NaWbqLObnLBRYz3vCq4OEMMaNDWBciABqgMYR7ipxZtPHIvt2Bam1hjPfMROkTCavF8GWfyjjCXdPtgS9WAweFP49WoW_GEA3p5LR0IDEMlU3uSq6lMd_ixMJja3M34H8r14qyzGRTLyH-fXDHd2KAYF2sjBCvnqnUdbI8D5pfw9RKplwI7ofDDnAtecbjf-ZCQkQDbNqdIYHgn3mVJmV3I82_PwsPDp0FSR2eJqjEnj0RXjNFelZu2UysZ_J5nhBYdl8WtCGxeNqbrDZg4a2vaP6aqJJL9dbArSeTTYsntbw1G_dwihxxOwsKh2pGc5ZvTKyP76scvTgeFWS-d5SlRQYf5GnoccQFjvYRs6vph3gJXvQyT0t4WGSChD6uAjERSUgUGUpKV0_7GEq34Lfv4GJ82mAFWS7kOOk9Ote940Jd96fP0whrF2SMezNOwVq7kk0lspKX0q41w0xSPmN8-NO_9f3TRWW5yP9MFXvLsq1Sh4-5NhQgXnKcbInDYxQHl7h_kGnOvXo-84nr7pSb4HB3TP9oNLPFlNPMi9GovG1T88mMGcieDz9iNrXNyhITlcZfB7Rpr3mu0F3D6De-K_5dG579_q6oOPcXyRo7R3j7azoi6lxw925f9B4U9kJvz1rIakc8xaJ9bwVKdghSIAbsY93sPorQyKU-WIoct4QkyxfBZrSjtGfi_poS1ZmQQYAYKFIKCbPfjFTnADd-wiCkUB_HqL58cy1s-CpgmmRr0AzdukdiG_TizaHHeVi0WT8JbfReOngxQx606z7d_bRrXBMWRQ5XC_zh1TH5HhDYDDjZlnNaWd4V75GUuEBN-TnRZpwVBLBExgoGAsOpoizNYlixzAqj8q7E4iOOQeXefJffYzrhBOpKvRKQydb7_MhaNqYqil93dsRGtZZCxao5xy1VPL3WZNU-SWmfWpr_kJ0K4eRodhwiM3cjGd5lwdSZaiglWyXw5gtv8c-oVC2g83K2wLk3XOFKuLKkLRMrgfRYgYATNihT5frVQjIcaGzxxpebP45AJfaZY725tee1m_q6dErU-9jRee3jhjVNcSEvLWyR5w9klWD9VDjr63WclxE3BhyI8brX1ZKmqz_wvHHvbRiFhuR1dNuNCADsN2YNxO0jaZQbFa&pos=13&reqid=uhdUhP9uXo,
12,"<p style=""background: rgb(242, 242, 242); line-height: 12px; display: inline-block; padding: 0px 4px; font-size: 9px; margin: 0px 4px 0px 0px; position: relative; top: -1px; border-radius: 2px;"">Ad</p><h3>[FREESHIP] Nệm bông ép Goodnight Nova gấp gọn tiện dụng, nâng đỡ 5 tiếp điểm cơ thể</h3>",2.699.000 ₫,https://tka.tiki.vn/pixel/pixel?CLICK=&data=djAwMZntq90A23ATMSkYAkXwKyZQkxXeTM5XLE0jan8pX-vPi-pn_eR722pjSQdw0ZrDSe8Atn1_1YFoDIISKSu-URUZsgskW9KLzy55c4rIR9oDmFS7Qs24Uhu2Wq-GrjL8MwIJhHBouti9XafR25kpB276jc_Txppa_dQazGTRHf5IsFGEGNw_A7Kt9QsNP_61uQImvw1Wc0ragWL_gfbWBmFhjvE1WOfAfAadvTemUhxRZIpT1j0nzcTjs6X1TPyrlnn3H5MFStj3Bar0iVR7xAuXEg7GY8Utk85e7aBgaY5A9Ukz7e0zgBgGvFX8xgAKv-RJP_4BzKejsnIfUFbxjR_tNn42d7J43VnHGo0OZ8pbHvzIKd5_QMuhYT_8oMUcuQhnV6jHAvvgw68i9qENaLD7kleaRDiZfO7Hv9ARVwuJGDuLoJ8Qwi7EempC-OqNLoWVcLAIQsDH7dkjLhYbnhr8P7zjrTLHmh5s69nzCLEEhc87qh_hQ0OXRmfBxAwRP9wfsky60Y96yo_oXKwWSv_YNHLRvPDghHauXGXneqA81SqzTc6n67-bo6SXrOdgGZ4UXd2TbyPzqefDwJP_4seMpSYHVXK4Ie4j0XkRPBZ9YPzsnLup9pTq8F8r-WizRoWzwbA7T1Si0MNaOjoh99p-1dVXy4QPUCk9_zytqNaCn4UxdNy3iphWXFSCwc5-aqaKptSyNEIthgwtHtQRM60Kl81hheKkogT_8zUUtVLiMIgyiSSu3fZD_RIqN0m-4dpRAypLOeLj2YkWHjpe8n6NIbFCy7IwRpfAqXEoGExiDKYhabSIRPxna9M4BMguaF9yUgByevpzLKoVzVIUJrIxt2gnJXJHvd5Ra1L0SzhSY_yUquJEdfc52hhrX42A6hKS20qY1tyYeIqovZxj819rDR8c0cUweTEC8Fcuf2p0kQAfX-EOEa94lzLHhH_Dcc9vtZVUpnoU5MDotzfl_eRFi7qBVTpKZKEPqn6Vy6O2foG2nAZNTXegd9hryOUIJjxd8cEi9NCiOlM6Z5AkZhx6DeejBa1qduVRvs6ycTs-0OWbJdFXQD7zFeDk95PuxssTuY7dPqVyVyEDE_iCuHBgsHpJ72JOn8ePwrIda36TRY8axR9mNiI4JejA8Ab8jjAA94Z1C6sQdkqCm4mbzOZ_MKkDk8YpSUWLepZw4goIFTfrKr73b36TN-48WP2w-4zqBF6pfwEVEarEitwYNAe_AdGx4jh121x1MdGL-m9slL07pIepGiO89_vzP4Jlx--5OTJgGU6CkQS0ipCaxKTNSjuO-k9k_5jj2w0cGmOw50_Q9OQ8zi6TcsrSywjXpnR34fu3bFs05PwCdAhc54K84g5bwjn8KvR5W0sCMj7BsPWvfLKgaRkYpbsibAFizhqBtMxYG4VOCRx7tn5RXA5kja48&pos=14&reqid=uhdUhP9uXo,
13,"<p style=""background: rgb(242, 242, 242); line-height: 12px; display: inline-block; padding: 0px 4px; font-size: 9px; margin: 0px 4px 0px 0px; position: relative; top: -1px; border-radius: 2px;"">Ad</p><h3>Nồi Chiên Hơi Nước OLIVO SF18 - 50 Chức Năng - Dung Tích 18L - Công Suất 2450W - Hàng Chính Hãng</h3>",5.990.000 ₫,https://tka.tiki.vn/pixel/pixel?CLICK=&data=djAwMQdqQBj1r5Rs01Ll0i8nDLJHd0m2exBVnvGEb14WTt0L-B6ltPTeJtMkyaR_f0ErSKmoBWmPMEFOjh0KKHlethPibg-CUTOj-hz-AxrcZSOYz6NrNzQUL1bi-v_nhgzonxOk46Z7S-NHwKehMXMtzdazwBHnNSijjyDmtsszqCvpJgbYQERWUXJ2cet4tVzNk5Z6N0Ve1MBb0fv2h4PVVWAr1WY020tD2CMbt1QwbTSguYavMKFk1eodKr_cliHYgC_A0AHXsAcNcpkBtGSXGbSrd-pKEVqSqZIsRTSGjMMBL65LnbkZVeDHIX6T58t_Gkw5yqrDPscVgLrd0wW2lqHykMse-6qO1W8ARXCrrPM6QDPaDfDGMlbyIvJu31RewlyVnjYCiQ9NPldghNMW9yL3Uufk7UNcH0aLKRqhu-tJTs4jsaZ_RbWQy2-p-v-BiWb1A3lkdR8UxSkyJ7DN9-CkRTD1zyllLv7usd5srldxLjaGvkBnKgnVzp09xxbXSHLp1qHCljbjXQKmWgBaM9NdgG1gyqGL-EbC35pngWSo_h01b6Mv-p1rf9QBhTkCCHjpZ7hst4GXThXd-91INm7IFisPu1tvluAX63Gs9mA0HxDCybVdHe_xI-6KLHxCEyBXcSEXkK0wQFPsMd7qkJoelxI6bD22j1VdL1iaZfA5xACW6caxHaSvW4f7YmWtZuwiAYEnU0KqcXDJDc0dY0T_Yob2QqfLI6YouoeYcSnqcvv_qImeZrGVcW2dUCgL96Q2djUZNSo2u4gDrjbkBtdDZaxw-49LjqsRRzlrH77E2qrBG-Re87yYcVOhw09gdjy8dbZ2XMcD2qmajgVPGM3qpLWU5bgsFwL18edpyNZy1aG13m8VRvYa4QM6Y--ZtMkU1sf4TYpzTpsPd8yHnLHUKpof7MDTSgM7SjypLABXGbUguoe6eACns2TokmeHM7xwNIQS2aFhbFaDJMZoo1dWUhqXy75hOmCw3u7l6RDe_MX4x_jXUU2qrqkPgJ5aZJgruky2nbEITfcJZXGDQkRPI01drYkvpRbhcaagPZBh5wNZIQo1H2Fx_AaB2IS48oPiS4bZjBoxMvRnULwe6ldFONneRujpoPwUAF1r5oZHvRlJY0-URh2QdEbMMrox6BlaGWS6YxKjYVXgqxLcZnYNTKB1pV-fAHE6hdRHJ7Uvgo6t7RHSkSutX3ndIXCMVA8WzUsRJy58CwBa0UFN-65gpgTFSI8VVni7mflfP8hBMsjTSKg5jzaye0BDy60GN8Su5LnqLU9k1Bc_0hw1NNWHJkp6GbL2WcMkz_KDu_q6ygxlCnEh4EG1ffiyaTkGhq0kkC6xvy1Qn84ORWsGQhm8WaiijOPjMfjxphyQRZ2UMfW7tejKBXM6mNoR2v17GQuvAY-bva2VWSuLEgKAaW4fmZnS2cKlEERG&pos=15&reqid=uhdUhP9uXo,
14,"<p style=""background: rgb(242, 242, 242); line-height: 12px; display: inline-block; padding: 0px 4px; font-size: 9px; margin: 0px 4px 0px 0px; position: relative; top: -1px; border-radius: 2px;"">Ad</p><h3>Ly Nhựa Bình Nước Nhựa Họa Tiết Mèo Neko May Mắn Siêu Hot 2 Lớp Kèm Ống Hút 450ml Tiện Lợi</h3>",195.000 ₫,https://tka.tiki.vn/pixel/pixel?CLICK=&data=djAwMauj7b-5OXnaBkzwJOus60HMMnihy0QkxXjnXbZOFtG4JfJYyZ5jhW8pTlgEXi-pnK8j9yuQLzY3twmg6DuT-v1_879bKxmS8xrvcVcOFy3XoeSs2LKLQgrmGgHRpxpoGLc-wEdrkWdlQcsP_R1U-Pg77SBP2S5HsZ_yXafuvFckYpD-dQ0Wg-3qcyAm0FD4bF0qkb-fht5SD7TxkrWPbav6A6K9Uem5JwBIpKx1OUplsMAqI7qbyw8g9-6lr1JMvNBfCn6IXSy0KJXqc_t49AIVPixpm3V33Sx_6-RczdzXpk1d-To0FybL_dpIDr0kx8f1oDrBR9sbUFrCXcnYniBEcJKRWsehBP4TgBzt5NSiJjkjR-L-kAik1yoX1mIBH1GjPQbt_qPctd0XjEfzKBr69PFkO4AEKl2haEmorNfizAyEIdIG_ciMXTmzJQAvL9sOGbirLaen895KI-nVFavyL6jIeDCP5qaPC40HPlbd2ZMfUWpChAWRVW7K21MXhMIHsSc7rUg0GVfGAyeanQ3bB2vNdLM7c3fLT8NNCIzvakieIclTaZiS-wH-HWtJ698msOZQasOxjwJGbVzECWmliID0fNhMho6nKLYGsgNHnTWPh-S9IdD8j8Rn2nRKptorkYKabY15txI740qu37enGVkTMjTUru5EiS4qXiiZTl3UVHZpTpBARnQ-XZXL85szRlL9T4WAu45Zb8vcKjdpbwhUh47tG9tdPFF1GJowPS3AuyNXUsBe2DbmP_PnmjPTesMQQOS0DkwlSD9Nd31eDenDQvQ5j2uLI0gHWRSAd5TVhGxD8x-P9oS1E4ATXLoHTo4XWV_eQ933Fx4v5T7XDiDS4oXbpI2vRs1inMmR4kaBPelD3CF8OjHg4tB9AkSiXlk6rSq8bgsDOj-kq5eYDuAaJnKA_zjIQrrMWFqJ7UiuDP6v4ea4QDK9uW1liLIV3xIlCA0IZklNbTQQ9Uljny5AB9alv44mAgqZL-UDxnBJPmSvFR3aghezYGgqGBGtNxZLSEqwky_LTZSllEWXQtFu5LPUYdFHxotodMe70gmdfyBlwOkDA4WrRqi97-AWbT7azDkdwMpmAaJwInEmXsyXyU_XK24nC1XKmU05uQ1DgZVPpLFUAM8zhnG8UY4g4dQ_BbRHGcSIu5Xh1sCoNOn-r0sdkgywgpUi1o_UXoVoCPdxjF9Dru511KaYMLQkkUeMy9GFf0sg1_FDdo5f5YaVYvaEZM9h4_DpXhYGctPiyOwv_IR-7p_7YSvewjU4nb5tWWXyRQbFggKWj5a-iJOKhO4DRqDl04K03Cmsfte9_a9gjHxqvwmHh_203SLUgw6ZUXNoHeFvQofyMx6UU99UhFYWGu-4TxRIL1uKsmbEZ-zLcG4wraWTlJgjIkQ1cx0VK4ayjbsEQl98r6oWuvX7_9u3HSw&pos=16&reqid=uhdUhP9uXo,
15,"<p style=""background: rgb(242, 242, 242); line-height: 12px; display: inline-block; padding: 0px 4px; font-size: 9px; margin: 0px 4px 0px 0px; position: relative; top: -1px; border-radius: 2px;"">Ad</p><h3>Đèn UV Led 100 bóng 18W Sấy Keo UV, Soi Tiền - UV100</h3>",269.000 ₫,https://tka.tiki.vn/pixel/pixel?CLICK=&data=djAwMb80JU3jSXzKh5goMPo9riDYjkrX9jRlxxu9pI0B37yyDg3f4phfa8h3Iy-l46_Q4Q_xOB_7xLUh8B5D2Nt7NB5RcEQSsvH1T43t2nKNDq0BDs6CLYR_KcZSfvUSTGnbiPpzEEQLkafS3kpjd51ES-RtyR7SNAjLS2d3P8qL8_kVrTTRlE0UQwvl4vA2gSC7CVyyjzCCbYrflCsgA9PmtitpHaO2PdcC3OhhG5wlr3lFkMVOyDNkO6vR4kCr2S2g9X7LWurn5m5co_ehnPyRHgDGEDpf-_c8hwqnftWteSrYNtyqWOca41FwUXR7c4ao9d91aBTMohobxvTA-zcCxBkNyzJXIvbt2TcZtr0Q4UXXPIGLg-nb5OkHP1K485oIzro1z2cWyJu4jEcOb6Lpya-GqwrXn9PGZMVGUNLSOqXThswPQ9aqbiY8iXeg1N0eHzyFpys3GpQpmfTZ0V1kauIEDIkvizEJJU7NAxlZZoH8P0lr7i7OQzDr-s42K4REMQjKZ3t4HGWQLJ5MkOl_zXYR9mb6z9sl7h3kqJQDyyBRQwndugd9cfrRsL4g2e5wF2kYfuqgAls39EILFGwAy_HdoLgZQp-fyQTVAGE0R3KzuRhhaFKX2XEgOpQSlOcvVEZFWn0Y-KOuqNfXXGbSdT3dHDu9DZCkldVtypwiSmQRK1ZALhaKHPJjMPVzA4urA7YGErwzjeBnauE85ac8tii8e6sDDJ645XmDiggWwHorFq3jaKGZ652EolwxWvsjbMsrrn55ebwgSKON80hFKewJVDlVrYoRDTikH-oyLTdKleEDDiURtuIBB6ANBJzZAT-GsQLepUPOe96seK08ILqkOuQ5wXSmFGvnZ2MCkKw4h3HZEZhBo_mx8G4Oq6D4hzZQxOOkDn135e_RKdt2fUpUlOOwSx5cHfdhJym3FyHLNiWIoAvfA6QJU-a78u31UAZTnZ7JqSN8spOHNnz0PpSVTeRFdEnqQBtrJkQTNTafIszyAuudTML0-iydS5vqtfZWu09mWBBEJFsorrxwh8xk_-alniRb6qxxzaQipn1DWl5RVkoNyypZYS2WUyaIHUwCLKg-65ig_2-eAdw0QluzXx6lQYlDYUQQlpqIRv-qJi2MvKMbeFf2o19vZO--AxPokiwuVbqx-Qndcnwt8aEAHtPR2edNH9CQU1wTVBkJNLrRNUUz4VEbWxPZ-NvtlCQ1Ic-1GIAtDf4rZGrhjI7MnaG0ndYJrV-UDFNUG5LoM2qaeL_NOnMCkl4feivywNnNCtrxVBRG6lQMsjUgFycjEfAEIIvTPjYB2Zns6yXHuP80ENEPZJA02bFK_CxnYA0eQRvHawEvU-cPNaOph7UVCdcYi1jrAqO_u6fS--s14xLDbQ&pos=17&reqid=uhdUhP9uXo,
16,"<p style=""background: rgb(242, 242, 242); line-height: 12px; display: inline-block; padding: 0px 4px; font-size: 9px; margin: 0px 4px 0px 0px; position: relative; top: -1px; border-radius: 2px;"">Ad</p><h3>Máy Tính Bảng OPPO Pad Air (4GB/64GB) | Màn Hình 2K 1 tỷ Màu | Chip Snapdragon 680 | Hàng Chính Hãng</h3>",6.990.000 ₫,https://tka.tiki.vn/pixel/pixel?CLICK=&data=djAwMbgBtvc8N4-z0CfljVyyGq7v-5mKOVl8Cj2yL64evB614UF5tgZC-U2mZSLV6eEh8zBtkixNDqEe84DsHwD_xwUN05xRoZS2hM20nRXcp7mqLcMG4mtncS9FO0caIQFO9fk6SiQWBLHuk6uD7ufBuL2D5OY6x4fNOhZO7s5M_dEiiZ2Pg18cuC_mTEKrElcEUqWqQ0CbsPjSD72BU_rjrDntHSp3ReNWkS0FCBDYLkmH1kmyX2l6_N5xP3ciKuUlAt1pVjiEutgURglQGGlG0epcdEgMe4oWp2Q-iAPUrMY1n9WVceNJXpJV_7_w26-IYdVMWUjY2Oz6DXRGz8ZrRU4ex9BLm8iNwlPshPMW3ya3k0HTsPzfsJJX6e2D9Kz4k3s8R3nSZVcKnU0GGK1j0d2pyCn-g7WxQ303Y7S3hs17PkA45sO0RjWU6e6w1sZyRgsk6mimdBAJjBscjeeb5ad3nUZ29SsM0IVuEprXfLbRSiTmAvVMDscjBa4GUx4GxOH2Gu8tgh8N-Ve5epurV2tBCmfHItA8t8xgnnXc1B4si7qVFck_xqCxt3VtaA3h7E-Xd0n81_ssXMkyT8uG_D3smj_huh-hsHz9q2ZuhIFzENBt92QUzG9eE3e0O8l4EQz3CCShufikVzMCZsZ7a_feZjEtht2rfdUEBnOuCxpRLCI3sjZSQeef-XIrbfWt1rQzg4HI1TB4Yrfi1GEMLYTVX-0CLELT1zUo0ZyHrBfhFcDWq_XVGRYBwTQxiQ_0o1W0jkD4EA1QxYVjAN_MKG-Wt0qcaeuaOuJhagXM6YBa5s-QymANojsLhgIIO8Q8GKiZ1mJYg6aJrf72JHz15pRp8t6ElUnb60MoQedFl_dhnpLOtHidRMMuXXsjohPWKeHuu3upuktxI4Rx1QUFcfl3zHu7QLtK7MYzRtpitOWmc8ILrUGju3ROn_eqsEbm3OytQzMQMFhWBHTZcXVbF2j6uUnI7n4pb5LbdZBYZTzt6a8Xs_PU5BL--wuIbwYcxogHPabC8iGxP11PuY46iHsq9NLfDKWYFweT-yJ3-_xVkOtyWEjgRb85Q2MhAz8JIfLas7-RsKbba3Sx1-4u7w7L8nTqG3LUi7Sm2M28O1vpNO62tUTt7V-4_5SsIPt81XO3gR4E4WKbUVJVTONMGP0iFDdS2ci21kixVZ0trmVgwHVZH1z3v52Q_X5mLWMCnumc7L7lAYfxTk3D4mmH1neAKFQtQgEcPhpP_d_k0U_83e5L1ttwqHHQMbZfX9g2TS6GVTEan3AEph8UdqlMToZep0pkbNyJ3UFVBv68LzgK7EpcQ7d9OeKPDbPqO-kcy2lBJyBLxMPp7tGCVye1CK8HFxrfVlbsCCX9Y7uJsBfkk9j1R14eetjCVqnP8FrCKYfTsK2G31FjpZhA5Bs-tnQV5n_gUeH9LUQ&pos=18&reqid=uhdUhP9uXo,
17,<h3>Thùng 48 Hộp Sữa Nestlé MILO Nước (180ml / Hộp)</h3>,333.000 ₫,https://tiki.vn/thung-48-hop-sua-nestle-milo-nuoc-180ml-hop-p10240037.html?itm_campaign=tiki-reco_UNK_DT_UNK_UNK_infinite-scroll_infinite-scroll_personalize-for-you-v1_202209010600_MD_batched_PID.10240038&itm_medium=CPC&itm_source=tiki-reco&spid=10240038,
18,<h3>Thùng 24 Chai Trà Ô Long Tea+ Plus (455ml / Chai)</h3>,206.000 ₫,https://tiki.vn/thung-24-chai-tra-o-long-tea-plus-455ml-chai-p1379981.html?itm_campaign=tiki-reco_UNK_DT_UNK_UNK_infinite-scroll_infinite-scroll_personalize-for-you-v1_202209010600_MD_batched_PID.1380063&itm_medium=CPC&itm_source=tiki-reco&spid=1380063,
19,<h3>Apple iPhone 13 Pro</h3>,24.490.000 ₫,https://tiki.vn/apple-iphone-13-pro-hang-chinh-hang-p184058811.html?itm_campaign=tiki-reco_UNK_DT_UNK_UNK_infinite-scroll_infinite-scroll_personalize-for-you-v1_202209010600_MD_batched_PID.123554564&itm_medium=CPC&itm_source=tiki-reco&spid=123554564,
20,<h3>Xe Ô Tô Honda City RS</h3>,599.000.000 ₫,https://tiki.vn/xe-o-to-honda-city-rs-p187619530.html?itm_campaign=tiki-reco_UNK_DT_UNK_UNK_infinite-scroll_infinite-scroll_personalize-for-you-v1_202209010600_MD_batched_PID.187619538&itm_medium=CPC&itm_source=tiki-reco&spid=187619538,
21,<h3>Thùng Bia Tiger 24 Lon (330ml / Lon)</h3>,369.000 ₫,https://tiki.vn/thung-bia-tiger-24-lon-330ml-lon-p912679.html?itm_campaign=tiki-reco_UNK_DT_UNK_UNK_infinite-scroll_infinite-scroll_personalize-for-you-v1_202209010600_MD_batched_PID.912727&itm_medium=CPC&itm_source=tiki-reco&spid=912727,
22,<h3>Tã Quần Huggies Dry Tràm Trà Tự Nhiên Gói Cực Đại XL62/XXL56 + Tặng 6 miếng</h3>,335.000 ₫,https://tiki.vn/ta-quan-huggies-dry-tram-tra-tu-nhien-goi-cuc-dai-tang-6-mieng-p171809911.html?itm_campaign=tiki-reco_UNK_DT_UNK_UNK_infinite-scroll_infinite-scroll_personalize-for-you-v1_202209010600_MD_batched_PID.188785803&itm_medium=CPC&itm_source=tiki-reco&spid=188785803,
23,"<p style=""background: rgb(242, 242, 242); line-height: 12px; display: inline-block; padding: 0px 4px; font-size: 9px; margin: 0px 4px 0px 0px; position: relative; top: -1px; border-radius: 2px;"">Ad</p><h3>Combo 4 miếng dán đỡ kệ gỗ VINAVU, giúp chia ngăn tủ, không cần đóng đinh</h3>",48.000 ₫,https://tka.tiki.vn/pixel/pixel?CLICK=&data=djAwMciLaE42AFk0gFlNGK9L8RxGG9ABRNRpSFKPLEGHqcsnaiPlFoUwFAJ38iauGxBEkpXU7jqx-1t3F9GPcFMy3FJKvG86dpQfFG1uhnysU2qP5gVLjIrl_8mrWoxtt5DnAVLP4beTpRfvS9OZAoOu_QQNliYOzbw6p7CwKXHP86dskRuYeanHqmzFCu_wN1rfGPRjcd5zOmzQT4YZIIeFkiLaFcSD9xLJL6pE_Mn6wq1uXKmWxmBGyb5B7bnr57BTUrgi9yxDsNgXVLjr2v4WjcdC71RnCZpP-aRQVabwVBjg2KG0b2YTQtZZozMMHUtwYPDql6eptIaZvq1oLzsAlzbcTH9Y5_4AipDFnqOIVc0SZIZqnbFbuzUaTZh_aXAG8Z42Ll-Kg3mCA-Ymv0xjFcvZno4lm65sXLiwXLoiUaZdYmWsR_UHyB9XWeSDzWTaex10f-kyawBGYl_3kGXSbjXScZTpmJaFCjkYQLkuhtq0jTYTKdH_Ay2WxPTF_jhafL4HMjP-lEfRiSaBJYxIs8D30jrjTU5fd8N2L4II2zy9QwYC2AwDUkW5Twk_DTLD8AhALZQrKQwbcIi4p1aLZhLkzvwwGHwUCX39LI7a9suuL4uIwfrZBWdpXpQmMW9Bg3cChkqRA70Fi_0c3jtXgQJh1YZtRAeDG5pJgr7kH6Y4WtCii2bq2HXDog7Re0ImHmSB6TvP0u5kwHimbF3JnAJRDmyu5MzEnUYPywezhbsB4MGY73-V9GfU5GdHTQcgDTYQm1pRv4OQ6c5El4DEdZZ-vCUf39O-9Xcnp7JCCcsyTrtk_UL0riWRlmP5mvzeHDOZ3lj6dQU5FV6lSumKuH9WKX36K46sfiX5IGjHMHCQmEEFHrQb5Sn76Qf2KHZk-Tze5XuDxIz5qUsfhCPbEzkh21aL4TqOnQVqa-Xt-dQk4AVpR58x9s5T80kwth-F93WFoKnKF_PIkJPWugQGlz5qQILNb1WnfVZYsKHDmC2IlnfgMYX3pYetIi2gOPkIymZCoec01Or8QcF3Tz5fLD0GoY6SMIDDUM7LXpWVk1Ow2SzzNzlevL4HlLJzZ9rzsJqrX1bxyLMGSTy4VK2hShbiHt_muGG3md9bGld3g606yPss7pz6gLnSlifaqvupP9Z1YK9hqofMt_uCbkdMaTC_lY3H5jju1t1zTRYKNpNycmNIJYr_JgBR6ta79YFJ33sMy40ZoSDIwWOBQZ_OdPJ8cjzXRRZ1UXDl-SLyxTFuZNpy8ojmSN1ZHQhU6nFKHJlil9TTxoXL6CSM0di1iyUoTy5-CGg0RjorwjDOhc3HBbsG17v5tfML_W3SRpbPI2DjTpp1swHShNcyTY_a8htikwnq4jH7_bymrxWW-FrWfcVyqjdrRoZSFIi9Di-1P9NSzjYStDdgMy6jJ95vCQ&pos=25&reqid=uhdUhP9uXo,
24,"<p style=""background: rgb(242, 242, 242); line-height: 12px; display: inline-block; padding: 0px 4px; font-size: 9px; margin: 0px 4px 0px 0px; position: relative; top: -1px; border-radius: 2px;"">Ad</p><h3>Nồi Chiên Không Dầu OLIVO AF 12 [Hàng Chính Hãng] Dung Tích 12L - Công Suất 1800W</h3>",3.180.000 ₫,https://tka.tiki.vn/pixel/pixel?CLICK=&data=djAwMZglBsR2FupNDkxwHYApzVstMPAQnUsPb_hSBv-f0ajNIDJvL_lBAks2xRR-hpBvePtjPI5fdDKBuIhojOLYlGpb7oUgcYSzg1KmNmOfdpAEsXT7SH07PzCUa6NEfO8KWmXC-BEaVVPD6dXpE3Yfe3KR3xzq_iuATj-UQRIWxPx1ixF3d7n9C6b6oryEEuXrFlChl6ZJo-Q6halu5eqW6HrOYuggPN2bzBGdRbF638MVhkCg92ekz9Y81a0PQYJZv0PUhX9X2ygPeV0upWypeGw9gLvMARhMlA2WVADpVUeN_yH6gMPVptupokOG73p3brpE5PWKeZYw3-jwr6yU3AEleGeaZOdvqn_UFLa9-UUdaOIr-oZ6p-TIJ3bTtBiqMqs2IRXBvw7aCJOu5wP8sjdZx5XmEAYzO_etpRiLJ5yhjCf-nmpO68iuYUf6TWwXWB-a8ZDa4uBZE982iOPz2nKEthUotmw8DvbdiGUW2HnMVAfozZSecMw9iTQALhXGR2V82v56HJhmxgE1zma9JY2beDG1fTc2O0MgzCpEc7q0p-YNztpp3xtvQ4194jRkvSXUOrEMHSfPpYiHNEnC_sm8uc-TNfVAF9lX8CEYeXM70P0EwpkrhsE0kA0nDtz0ysfz_Ez4uFX-7Px9qyM2oOHaC4HZCqkz8IIRpwOcYNcQKdtzsvxf_XXlhIaLWrrvPXECO1XvXepxGfFUUaDx0lizlCsvGDU_m07AwAlTT0aqAGD4m8Pk6QQLJntKTKFM3sDopy6WpZUqoaUwaU4BPCxdcQeRRIZ2aOHXKNhSJnzWVp50Jn6b5bKTesFgyWKLy2SN-wJF6-4zk9K4Lw3dYgLuumLcm3CZXGzZvDBTtn-rwnoCtIu5H9EbkI-g5WpknK-FfCrFE1QRUSh53FbqIAEZLfI953g9s4UEaK6e57nF6-9jnZSGHPSTJjTgD3dtk9sWUyyYGF9h-TPoJRaApHmVdn0MHuP6hj_dHXt3x_8nynnxJ3OEHJVyalyTZNEwnGmpZdtPMRWuaxR_nEwbKhPUigDG5iXOqFMX7Ee4BIVc7xPaJd9irJseZx1AyRrBLyuKpspKW_lNxfnYxYVTRvY1e0INhZJXmzMj2uqz-1VfYoyCSl58iJdmF53r4a6No3qUTvmY-yiTxxCQTrMFVDnyKsD4G4hVrWdy2sxkRvHmUllBUkt04CyxJTAU39v0ex4jNFYQKbv2wIB2fds8gn5gQO1qt9_Iu1VEpqtzbAjEUM8YhHaKapXlxqho_PnVy5UGel0_DmkWUX-cYMevsTeR954KC3Eba_WwykZ_-VZoN6-wjTTVXIX31niWTMQzVr5byHbYJHDxHLZ7dPGSqedH5x69jWLVDLp3jdLCs2qF1tSGthJbiYP2K75XhM01B9s8giYG_LDK4NuyvsZABKO93_4Rt5rWUvPdERaNVQNmTPcASc-FMGmhNTGlr_QfWClihca_3ye0ziAf9Q8Bfp-vhkUIqrZVat9Qxp_PbIWd_OpgoXtSim-nNQSawNZZRZUWypuzMjgt1jcm8-iuFDw4niv4V4sYtT7z3gyVpmt0akr9KmkSPFTdaDji-Ij-n9kcaAR7IrJfCQzeEjeDGfEZpdh1CXTkohqW3bMqIRUI_n-pZKHLr1mZgGKHWmIpeS3KTr0InxMhoRvowW81ydb9zqpICxo6H104mlN3SPbnfrO0aUEvuWtDjNHnnhVY-vhjHK3ICt7F1Fu-vFVcm0lJRd13LyES7Y5G82lFC43leYCpApB4UbUUNlBNFHhoLgFmmdnrsDeHNTYzsiT7-knKpkMWprq21SXoXIw8ev7QKt45VAGQnEmEfb7YkAELvlr5tcBR123IcxK4ERVIqJ_puBWjCfUcoZ5jWLLUmxJQfa8npq0Crkbdm420kNurI8MsyUQox_08KQweCVurgb3CKlXlz6lGcjVWzp2e_HZNsv4BgRKqeffuWpXyG5R7bN3TWOpfIzm56zG54iy47kgXKMaVv7ltx9ki6ifnry84_RUKCalmKTDnS6WjTTp5acTqi1D5sicAz6ueAl4_lYSdq1RELbzF6nnkkWWWUtH-R2WBLwF3J9b1lVEGdOfG1pB6gRnhTiFELmpGzUDpec3eVrCEc2vuh909dHnx1sKBJPzHQNw2Vz_hQtRkkotk5od7OCjdQ6pRD7SFs23g2bvBIcO1n4PE9ACOs8wW4-tQHjWkqjp_PHFYHbCaoGkNIdjrTaUcpsBzunDjy6isl0kVmYCDKQUD4OKF31fkcDlQ_FYZqQyNLFqQC1Wbczp9d4o9dTTN8aqT2QLfAQzip6MRHiIhRGo8obE&pos=26&reqid=uhdUhP9uXo,
25,"<p style=""background: rgb(242, 242, 242); line-height: 12px; display: inline-block; padding: 0px 4px; font-size: 9px; margin: 0px 4px 0px 0px; position: relative; top: -1px; border-radius: 2px;"">Ad</p><h3>Nồi Chiên Không Dầu Sunhouse SHD4025B (3.0 Lít) - Hàng Chính Hãng</h3>",1.010.000 ₫,https://tka.tiki.vn/pixel/pixel?CLICK=&data=djAwMbzH-rW3i1sj30Fbmyl01HhgaJxhgo7ZOcDTyK7uBUknYVSfpwlwvd_BWSL2VaPOEjwao50mW-vzVhlCXlOmZFWLE0ZSntq9nAbVyTCkphjtNZ63JpruC2LHaJUIMzID8ksvj5gZ4eB62Prm7jBnHChI8V86kaWLIdwFyNkHFPMeGhXocnv0KD_gHqypfZpdmJMiHuPEyXM-JH98ZdjXZZD0Rmp9wXOHG-K8T9YUCPHKBLFlTaO8g_RF4-17o-mBDo03TT1hXLJ9NbHm7PekPpAeHZ-PlbdIlDqyDetOc6Ber07XtDgnh5063a8Q-Ll6ueFZbG2pvDXi1-IDh8_pwRywtscPkbRm2h6-NdQvlD7ZyrBbZWBnOzglxhGR8YBsncB2VKtYBclZ7st-sp6t9A5Ea8y-17-WUQ5rQxdKUPFX1sRs_HmiRnC86cxdGeWsvIpaXsvdIVmq102bprRVDW4wOZo4n5eNzSq-kAY032Arer0sgCWkp8OACl-4jFXD1jRazqeZHkRjbudOObgqzhZEMCLuOFu_aPalUd5teoa_Rs1brDhXygDohipYM5oYmFYOW0PYkVh3aY6Wa8vXd5jKZippHBpsDY5fRKQ90rh792-1qbuFu-czI09ioPUssGYHxl2XlRZWnTzxQbaYLi63d696an-Zay87mMcYwuv9JbSViQQsfLDjmBusKZu6WXCWgEaLfDVQVCxaMziaWcdXhf1DVuiJ_QwYAkHRXI0oTnG3eQVl-6tnUoHPEmnEm9tJQFgbQiv5lEMgcXJbM4BCA0O5L1c_cjL4OeOh1QRUV8UU3IMpuDOa75-wX7pGapfm1bIqfN0TcHRICy3FewBBvQRrunr45oCCV8jR6AcjPb3RR1PCGqnnZkanzuhlk5UDv1V5EFFle816U-EwJovB1dMUeCNmwVafM_ht9bMarG14PaOhmUmWg4N-t1Xjz1hoUbVncI2KY5h3tqygf8IBaH97RR5L7r2I5EWSwz-_B4H2yXF4tDNTRDwgnXf5a8K-8YSRqtYEEEucFmuti1ZiwuW2ql1-WFRRjPqW06xjR3XlUA3H89Eh4Xqkzg6EfJnsdLkvUzCtW_hEQWpAodEkcD07IP5rcp8exVbo2uDot7GB8o407jNaMRGY94r3xHxckQlTqZk5TBu0B3MTQO9jv6cjdCxeVt-XVlyJimIm2DD2s9woP1tvEELGB9CbhMqYcKXP2S0jFHegYYxmlQmrcOYK2fuEdQsnYL7UG2Ur5Lrzq0bvTLOFz8_Wg4pE_o8msap1Tg8Kq6OC7vyQzGE26GQIB3CBI-YYSdcUFOyDQdr8BhhOBnmTBQGoGo1MGFIABxBXyihr6iKW7b-0NYvQYCjXKdVLCkJDYwd8BVPcQxPdoUUmUenBawMKIKoNnzBRbXDk-Q&pos=27&reqid=uhdUhP9uXo,
26,"<p style=""background: rgb(242, 242, 242); line-height: 12px; display: inline-block; padding: 0px 4px; font-size: 9px; margin: 0px 4px 0px 0px; position: relative; top: -1px; border-radius: 2px;"">Ad</p><h3>Kem Dưỡng Cấp Nước Cho Da Hỗn Hợp Neutrogena Hydro Boost Water Gel</h3>",97.000 ₫,https://tka.tiki.vn/pixel/pixel?CLICK=&data=djAwMUcYR3t466ArB_76mvkAxKtsI4F27FmnY1d7QC7o3nOSbZi1zGkvtd4I55duy19nSAd92-mFj16GByupYaEEz2qqQ0EHMW0NgLGqeUupb9BvPW2lRZrGZxz30E6JFdnEk3eLF5Xr_SkvVAScJL50O0S1-HnbP6gitkpNrPj5ymCeavLIQJda47Oh0dsSp5ePHJL-KGmignYgRSMRwcMaKj7fNZJ-xHcpJtqgSaxufeIjFNRNbtp4-RZeSgLnUP1JJo4b-63IcAIADEoR_DnNCxtXYa_5GYGBzn-qwiktAFK7GOoP9trPo-WpbRQ-ADP9Kf2nBJN8hWhAx02XN7c5cgrDgz3T0vn7LcySPUrImnRpkl47F3C2svjiEuMbglGt6tLSQtFLjh1gYK7_jLPAL9k6-N2kgrDcVxLXwbRl6B5kOFt7YsfdSQu7-iuV9guKT8aWStLcVrPj1r0SCnWmpPsM5CPhXJUmOdcd-F-t-y9cmtgtQATDAPeWh_PToIIUlDAM3MQ2a35zT8naGBdiS2u4X9wX_z6K17yMMvTXzSMyWU0DxYagpasdWStsrcjnjzvFwNqSKosHMRNjR4z2-oz8-bqVJ065hk2PHLpoJL0Z5FmPyeUU-nY6XRdpZ0z0Djlb2clhC9RJmxDF2yeiHHvdPCwEnc9KEz4RxtZKpD81B03YgriZ624eTgVMI22wxPCR2S_k6p9tRN8Lw0NeJFa2VTSc87cGi24egxrGz4CLsNEJWoEZIuFt4dTfjrggPPYjUn7Hk6OrGTvTcM0rE0ghcZC5j3NpBDzQLE_zJ3B66r6Z8UkKGkzeO-E4V5qnUUGgUbKHH73Lb_8y__1l81R1lAiW7v_QjQFuNtICKnKf5GBMeo_SsGG__XADBBsp55tpAoedL-1boZLcctdOZwmXr2fNpXJBdx0Cv86kGA9A3_VekfZBSViLc4pJsRSAmipCSimsAfaurHUGbnBIb1mwQeUUAmKzD1H3al36A3-pwhf8A51axrty0qdDUV5d0wkUMGY2QqrtzhvOSb48zAndX6kf7POim73YfJZnO_SBIJ0iMttM34ffSqpVg2VxOjrfvplBrYlFoWxutgwPYu4_zs9E5BQvSfj4cEWlGpgw_vCxen4Ien0AjKtyeLRnLtCOHAz_pQ0mFdd2YPzcLEd7yLJXoxCCCMp-39tXuNeHNANEPVQjQ9Ji8ucz_GHJ6IvBp7ypmEIxR6rozDtdj-1Ka2xNVtTygwtt3DZXl-JWz-UGorUoZGeYQncDbJuuwOmkpvrjDw-nqfBNG9Pkv8aWLLBmonHBApxHXZr1fOcvXYrrybytqufC4BTsyzQUIjgvP-y3vBNhbjw1bymVzuzCs4kCMilxGrQKmn-p5LcN23k1ht3rapF9OY5LGXmZUuwfUPaxSy6PEYK4T3ZNBoiycZk6PXLLsDALw5byOERC&pos=28&reqid=uhdUhP9uXo,
27,"<p style=""background: rgb(242, 242, 242); line-height: 12px; display: inline-block; padding: 0px 4px; font-size: 9px; margin: 0px 4px 0px 0px; position: relative; top: -1px; border-radius: 2px;"">Ad</p><h3>Combo 3 cà phê rang xay hòa tan Nescafé 3in1 đậm đà hài hòa (Bịch 46 gói x 17g) [Tặng túi du lịch đa năng]</h3>",337.000 ₫,https://tka.tiki.vn/pixel/pixel?CLICK=&data=djAwMUHSJQ_oBa7CEDhM7v3Ee0d6IEFD3biN62MAkdiwMjCIZCBaTBu2fSizZ_06Xnn7m747EuTj5Iq8wqzIC0Y4FTzoBeyq78Hx-Mw3uYK1CJMaL2wuD1ss4fN6hdvlPZa-snwdZwVKrkpfUvlD_tpEehBMOgnW6buWLYQDeWZIkI1V81ej7o2xYxquJpm52x3KaN8THL_Jw97vHAyMEiGJGqZvsjaCIY0ZDaKT_6dbakGxHb2JfHyK5fVKxWom0zijp77W8Q5qmxoVSn17U-pK_M590FGibAPf7peqazC4zchqEzXORY2O07EWJV--L8ASI_5OibRJUwrsoJWRpuL5piP-F6mY1OQW2UW_V22O44f7EfDqYnHmQ6sBCmSHhfAK8MwgvGFz8kkQ1xljnSosqBlTmGWOuEqg2BDkJDsDbToLCZZOSqSXufVYkMpAWmGPBjKdCZRQmLlA0irIWcDTi5SRlmlcVfX5Q8sGESOEj75rOqImSuy580dtwNFUugQ3PfxQD1dCI9OrUsLBKbnVkI9AkcYGV7D0Q0ZQ4SWrNznXWIdNm470vV7lQ3-9h264YUxqrRGOn_5xjIFimPZ-9l5G6HsR0OufTShg8rsB5oJv8waCaMnXDxMJa-QbtghQnWTPhLLYziXuyLYlAE97TJZ0luChEaD9-9lJ1VwAMYe8ctxgrPGQQhBcMd2wLTcCxuxf9sRaLVMymbN0Je8USQrv-MRZH_9GAbNRc2xcs4RRanUBjbEUsw49i-sVHvjbNNH4Yt1M5g3VzMmiRXIwUwV-kf_tPtuoUW04nMQTnq4nwU2pyFrpaeu4A-h4zSZTNg0RutBKVp5R1eX-75qKVRt8Xu-OqdVYD7fG-L1YRiw4Qt4JqDduupmINT0KEmh42ALWvevACMjc7c482428CKu4wecH-Z9WNUEQokrxhYWOuYOFfmNoDL8c9Xrh2GEWiSpTSsJYLA_lK8fmCqDcro6fq4-xIvQUnaONQdrTP9MTfKNMml98zGwzSLCT4mKeZ2-yh8RxvNgWKm8XjYtNJyMBkt8EsY5KHJ7SOulUI91SSMyBOZczK-to-l9NvwzP1vIlakcgp-x_o0s9p1n_ynKwmBcos0_RhvtwcWS7a8S7vd8OR2aO5ucK7cJVn5fSwR8aXuemCXY9omTZ1Hdh8YiZTgiEeUbUv9Gaq_ov5uCUbHQ21WXb5H4SZddq_tI6niDgBo6Bdnsn1PRWpAd-MyQCs2wu2e7vCD5IjaUlm9M80p5-DoLTF_lorIyV6eKv1ZA6-N5DMbqRG-4XcfNJYe0YUaxit8YdZ3h-PsOX7Ld4J7qsuJfxGErrNekThTmannwD8BdGJJXQ8YVeQ63YeYNrxvNY4DbDSmtmzNEchaE4HkoqlzL30MKMIGPBXfA53dnnH2tapSkgChM5EtGeiqThhkKK9W5eMsLan5MZX_c6ysS7wVWRtWmPvPT5c1aTmfTIF9UkBlICxVCWWjkx2B5xpoBHEgc&pos=29&reqid=uhdUhP9uXo,
28,"<p style=""background: rgb(242, 242, 242); line-height: 12px; display: inline-block; padding: 0px 4px; font-size: 9px; margin: 0px 4px 0px 0px; position: relative; top: -1px; border-radius: 2px;"">Ad</p><h3>Sữa Lúa Mạch Nestlé MILO Teen Protein Canxi (24 x 210ml)</h3>",230.000 ₫,https://tka.tiki.vn/pixel/pixel?CLICK=&data=djAwMV0-OOF2WJVcojPi_SoQFJGWLRQ7v4vKd4NZRqex2jN21e5IPMElnAWPmO4ST2RAgZVduKBK1UDZlQwaL5le1BScEDikar5nriN4f2Miab3caZES9HkB3u0J91Ngzs-RC1lmge_t1b1EMgdw8Ue10KnMgUmZZaZQVfj6NQbYRJbF3dQ7kV0GQdbGcMmwSC3KWkr3tIMnyC77_uBhYJr69IaDGqSJI3yMQzvjYOvtgzPVCcNgptG4s0IB6VFBKmUXnVsAquxDKqWa-SkhBgodseS4jbKd9euhi9NlFWgqsE50YIPEZ1516tKr91rTmZuZg5yBdeQz3bPWCo3RYgxYyUnWF05CI8rsDvq074DRHskZscOzzyJuGycjtYcoeUYGO7QMtJFDYbBZ-_DDrGrHKJOa8_Ph3bvooqcp4488QQgUbvpmz8JBJaTkTnY0MJqcg77IsO6fKNWiBc2evu8Wfw9A0coCVXtZe35ID9L5juqDE_b47K7cXHvHyaI8ZEhSbc1OewZaDmUTNHaj5VsuL1R7zDwdbRuekq-M_6lyBUmQkNx9mxoA4NfyZgMNE2fvp7nl6_OjcmkCSR3XGvQ-ccRAFbYvMiBOnaYM6nCqdKfH-onUGirDFcpv_3A5YTIBR-_8c5AzwNGaaUuXx0vCT2Or-bB9XOQNHEGA5aZjWX75HGFDunegfHKYFTyoiDLb7ISXRXTU_qhtJ7ZzXHHMJK14YNq_Ac48AX4_S4xTQS4dQVmuAJvVdHXNK1ibV0BX8AWPKHlhHSo4fSuSsyfTecaplveLGsUYSfVFYtbjtxuP_G5U3Uivxs5ZpR3-v7cVdpsQyVVL6w0KvVAH-wrk26w6EyOmgrwZtLaSWg0ihnBeuziEVUdBbTVbT_lSEoGEVfyTxO08-3GKFodEE9Vz2_MSmWXFgF4nluY6kld1J3Ud3mt8uymvzOZBeT4a0hAEI6fdLfvQXJcMgJDBS7bJU8EyAyQesx4fUTutGgXRIwQXkw81Fi59tfIoTk2j8-b15k6D8hWNv-I0s8RLqx166sScjEAxMyQIOpbC_jl-QY_MFgtEiIguY7x1U5UAR3Kkz4QB8OjTjmj4J5TzcCYQcALZlw-8D4a_evqB1qMZNa5J04QssFtqnzBrNVgfhr9md2sNOc_kFr3PN8PV43nVyQFa2nOrycBfuw7EGMBgRh_7seHSxLjmBDqloJBrGnL_4zHkVo5s4dJTzn1gW11pi1RHVQQNTgifTlb7mnVxkAxvSgERc8wntYp-_x0ij94ND0ypFij0W54citnzY1JC_i7NV4A9L2OEHLT5OizJ6PKKapMkb2pVOiQdYdeYFA05qFLVboguqg8w62F1fsnix4d5Y3HH6tEIzOTxgSwB2tebfXZCfgcSmRQp4CeJI8K9&pos=30&reqid=uhdUhP9uXo,
29,"<h3>Thiên Tài Bên Trái, Kẻ Điên Bên Phải (Tái Bản)</h3>",127.000 ₫,https://tiki.vn/thien-tai-ben-trai-ke-dien-ben-phai-tai-ban-p109017985.html?itm_campaign=tiki-reco_UNK_DT_UNK_UNK_infinite-scroll_infinite-scroll_personalize-for-you-v1_202209010600_MD_batched_PID.109017987&itm_medium=CPC&itm_source=tiki-reco&spid=109017987,
30,<h3>Nồi cơm điện thông minh GAABOR GR-S30A dung tích lớn 3L (lòng nồi 1.2L) - 500W - Hàng chính hãng</h3>,499.000 ₫,https://tiki.vn/noi-com-dien-thong-minh-gaabor-gr-s30a-dung-tich-lon-3l-long-noi-1-2l-500w-hang-chinh-hang-p186105257.html?itm_campaign=tiki-reco_UNK_DT_UNK_UNK_infinite-scroll_infinite-scroll_personalize-for-you-v1_202209010600_MD_batched_PID.186105261&itm_medium=CPC&itm_source=tiki-reco&spid=186105261,
31,<h3>Thao Túng Tâm Lý</h3>,118.000 ₫,https://tiki.vn/thao-tung-tam-ly-p167940010.html?itm_campaign=tiki-reco_UNK_DT_UNK_UNK_infinite-scroll_infinite-scroll_personalize-for-you-v1_202209010600_MD_batched_PID.167940011&itm_medium=CPC&itm_source=tiki-reco&spid=167940011,
32,<h3>Chăn Tổ Ong K-Bedding 180 x 200 cm</h3>,801.000 ₫,https://tiki.vn/chan-to-ong-k-bedding-180-x-200-cm-p62631775.html?itm_campaign=tiki-reco_UNK_DT_UNK_UNK_infinite-scroll_infinite-scroll_personalize-for-you-v1_202209010600_MD_batched_PID.112448289&itm_medium=CPC&itm_source=tiki-reco&spid=112448289,
33,<h3>Xe Máy Honda Air Blade 125 Phiên Bản Tiêu Chuẩn 2023</h3>,41.300.000 ₫,https://tiki.vn/xe-may-honda-air-blade-125-phien-ban-tieu-chuan-2023-p183051292.html?itm_campaign=tiki-reco_UNK_DT_UNK_UNK_infinite-scroll_infinite-scroll_personalize-for-you-v1_202209010600_MD_batched_PID.183051296&itm_medium=CPC&itm_source=tiki-reco&spid=183051296,
34,<h3>Hộp Bánh Trung Thu Kinh Đô - Bánh Trung Thu Mini 3 Bánh Hồng</h3>,280.000 ₫,https://tiki.vn/hop-banh-trung-thu-kinh-do-banh-trung-thu-mini-3-banh-hong-p115701340.html?itm_campaign=tiki-reco_UNK_DT_UNK_UNK_infinite-scroll_infinite-scroll_personalize-for-you-v1_202209010600_MD_batched_PID.115701341&itm_medium=CPC&itm_source=tiki-reco&spid=115701341,
